396.86,3.940002
397.01,4.799988
397.15,4.52002
397.3,4.859985
397.45,3.700012
397.6,5.140015
397.75,4.780029
397.9,5.820007
398.05,6.219971
398.2,6.900024
398.35,5.780029
398.5,6.119995
398.65,5.719971
398.8,6.5
398.95,6.539978
399.1,5.539978
399.25,6
399.4,4.900024
399.55,5.599976
399.7,4.47998
399.85,4.76001
400,4.76001
400.14,4.76001
400.29,4.440002
400.44,5.580017
400.59,5.539978
400.74,4.640015
400.89,5.799988
401.04,4.460022
401.19,5.02002
401.34,4.73999
401.49,4.799988
401.64,5.359985
401.79,5.619995
401.93,4.179993
402.08,5.719971
402.23,5.039978
402.38,5
402.53,5.419983
402.68,6.52002
402.83,6.719971
402.98,8.679993
403.13,9.380005
403.27,10.21997
403.42,11.91998
403.57,14.46002
403.72,22.20001
403.87,151.38
404.02,449.64
404.17,719.36
404.31,923.22
404.46,1060.82
404.61,1131.28
404.76,1110.32
404.91,906.78
405.06,650.26
405.21,513.88
405.35,426.98
405.5,361.24
405.65,304.16
405.8,259.42
405.95,227.72
406.1,198.34
406.24,169.28
406.39,143.02
406.54,118.42
406.69,97.47998
406.84,78.97998
406.99,73.97998
407.13,100.02
407.28,126.58
407.43,143.98
407.58,155.2
407.73,159.56
407.87,155.36
408.02,133.52
408.17,97.88
408.32,76.62
408.47,64.47998
408.61,56.58002
408.76,49.32001
408.91,43.12
409.06,38.65997
409.21,33.94
409.35,30.94
409.5,27
409.65,23.28003
409.8,19.56
409.95,16.67999
410.09,13.58002
410.24,12.20001
410.39,10.71997
410.54,10.14001
410.68,9.820007
410.83,8.440002
410.98,7.719971
411.13,7.23999
411.27,7.26001
411.42,6.880005
411.57,6.320007
411.72,6.73999
411.86,6.659973
412.01,6.73999
412.16,7
412.31,6.219971
412.45,5.960022
412.6,6.039978
412.75,6.119995
412.89,6.200012
413.04,5.97998
413.19,5.840027
413.34,5.919983
413.48,6.02002
413.63,5.97998
413.78,6.02002
413.92,6.039978
414.07,6.119995
414.22,6.02002
414.37,6.52002
414.51,6.140015
414.66,6.23999
414.81,6.039978
414.95,5.799988
415.1,7.380005
415.25,9.859985
415.39,13.21997
415.54,16.15997
415.69,18.02002
415.83,19.12
415.98,20.32001
416.13,18.85999
416.28,15.47998
416.42,13.67999
416.57,11.91998
416.72,10.96002
416.86,9.539978
417.01,8.460022
417.15,8.340027
417.3,7.719971
417.45,7.400024
417.59,6.840027
417.74,7.76001
417.89,7.820007
418.03,8.219971
418.18,8.02002
418.33,8.5
418.47,8.580017
418.62,9.97998
418.77,10.71997
418.91,9.960022
419.06,11.29999
419.2,11.88
419.35,13.59998
419.5,16.52002
419.64,20
419.79,22.84003
419.94,23.71997
420.08,23.62
420.23,22.78003
420.37,19.08002
420.52,15.38
420.67,12.65997
420.81,10.97998
420.96,9.359985
421.1,8.719971
421.25,8
421.4,7.340027
421.54,6.559998
421.69,6.599976
421.83,5.76001
421.98,5.599976
422.12,5.380005
422.27,5.580017
422.42,5.400024
422.56,5.23999
422.71,5.640015
422.85,5.640015
423,4.559998
423.14,4.97998
423.29,5.299988
423.44,5.080017
423.58,4.840027
423.73,5.299988
423.87,4.880005
424.02,4.539978
424.16,4.460022
424.31,4.640015
424.45,4.599976
424.6,4.599976
424.74,5.26001
424.89,5.919983
425.04,5.460022
425.18,5.640015
425.33,6.97998
425.47,8.539978
425.62,9.159973
425.76,10.35999
425.91,11.02002
426.05,12.02002
426.2,11.58002
426.34,10.67999
426.49,10.62
426.63,13.09998
426.78,30.38
426.92,53.40002
427.07,70.38
427.21,82.28003
427.36,91.29999
427.5,90.08002
427.65,84.94
427.79,66.32001
427.94,48.14001
428.08,39.64001
428.23,33.29999
428.37,30
428.52,26.12
428.66,21.59998
428.81,17.90002
428.95,15.26001
429.1,12.56
429.24,9.73999
429.38,10.84003
429.53,9.97998
429.67,10.91998
429.82,11.09998
429.96,12.21997
430.11,10.64001
430.25,9.900024
430.4,9.059998
430.54,6.679993
430.69,6.119995
430.83,5.359985
430.97,5.460022
431.12,4.880005
431.26,15.65997
431.41,43.5
431.55,71.91998
431.7,92.84003
431.84,107.5
431.98,114.6
432.13,110.9
432.27,96.26001
432.42,69.46002
432.56,47.82001
432.7,35.84003
432.85,30.29999
432.99,0
433.14,0
433.28,0
433.42,0
433.57,0.5200195
433.71,0.2999878
433.86,0.539978
434,0.9799805
434.14,1.900024
434.29,3.400024
434.43,4.419983
434.58,5.200012
434.72,6.52002
434.86,6.640015
435.01,7.599976
435.15,52.76001
435.29,202.16
435.44,359.9
435.58,489.5
435.72,577.5601
435.87,628.52
436.01,628.1
436.16,568.86
436.3,420.48
436.44,302.82
436.59,235.82
436.73,191.02
436.87,157.9
437.02,131.26
437.16,109.6
437.3,92.96002
437.45,79.79999
437.59,68.59998
437.73,58.71997
437.88,48.26001
438.02,38.85999
438.16,29.78003
438.31,20.56
438.45,14.02002
438.59,8.02002
438.74,4.460022
438.88,3.539978
439.02,1.059998
439.16,0.6799927
439.31,0
439.45,0
439.59,0
439.74,0
439.88,0
440.02,0
440.17,0
440.31,0
440.45,0
440.59,0
440.74,0
440.88,0
441.02,0
441.16,0
441.31,0
441.45,0
441.59,0
441.74,0
441.88,0
442.02,0
442.16,0
442.31,0
442.45,0
442.59,0
442.73,0
442.88,0
443.02,0
443.16,5.299988
443.3,4.780029
443.45,4.840027
443.59,5.919983
443.73,6.340027
443.87,7.700012
444.01,8.820007
444.16,8.52002
444.3,8.840027
444.44,8.880005
444.58,8.880005
444.73,10.20001
444.87,14.78003
445.01,20
445.15,24.06
445.29,27.06
445.44,28.35999
445.58,29.85999
445.72,30.64001
445.86,34.85999
446,39.82001
446.15,44.73999
446.29,48.52002
446.43,49.88
446.57,49.28003
446.71,44.91998
446.85,35.20001
447,28.02002
447.14,24.06
447.28,20.20001
447.42,17.59998
447.56,16.12
447.71,14.78003
447.85,13.59998
447.99,12.70001
448.13,11.67999
448.27,11.67999
448.41,10.38
448.55,9.679993
448.7,9.700012
448.84,8.76001
448.98,8.440002
449.12,7.940002
449.26,8.140015
449.4,7.340027
449.54,9.059998
449.69,14.53998
449.83,21.03998
449.97,25.84003
450.11,29.59998
450.25,31.76001
450.39,32.56
450.53,31.56
450.67,27.59998
450.82,21.23999
450.96,18.59998
451.1,17.12
451.24,14.71997
451.38,13.41998
451.52,12.03998
451.66,11.17999
451.8,9.320007
451.94,9
452.09,8.820007
452.23,8.780029
452.37,8.099976
452.51,7.419983
452.65,8.280029
452.79,7.26001
452.93,7.200012
453.07,6.859985
453.21,5.659973
453.35,5.679993
453.49,5.919983
453.63,6.599976
453.77,6.340027
453.92,4.880005
454.06,5.419983
454.2,5.140015
454.34,4.559998
454.48,6.039978
454.62,5.200012
454.76,4.659973
454.9,5.619995
455.04,6.719971
455.18,7
455.32,6.440002
455.46,5.820007
455.6,6.039978
455.74,4.960022
455.88,4.799988
456.02,4.840027
456.16,4.700012
456.3,4.419983
456.44,4.099976
456.58,4.140015
456.72,4.460022
456.86,4.159973
457,4.340027
457.14,3.02002
457.28,2.97998
457.42,2.76001
457.56,3.859985
457.7,3.599976
457.84,2.5
457.98,3.780029
458.12,2.840027
458.26,2.440002
458.4,3.200012
458.54,2.080017
458.68,3.26001
458.82,2.140015
458.96,3.23999
459.1,3.52002
459.24,3.159973
459.38,3.359985
459.52,2.900024
459.66,2.73999
459.8,2.719971
459.94,2.820007
460.08,2.359985
460.22,2.280029
460.36,3.059998
460.5,2.039978
460.64,2.460022
460.78,3.179993
460.92,2.359985
461.06,2.799988
461.2,2.539978
461.34,2.280029
461.48,1.599976
461.62,1.580017
461.76,1.179993
461.89,1.23999
462.03,2.099976
462.17,2.080017
462.31,1.23999
462.45,1.640015
462.59,2.679993
462.73,1.719971
462.87,1.799988
463.01,2.76001
463.15,2.340027
463.29,1.820007
463.43,1.26001
463.57,0.8599854
463.7,1.820007
463.84,1.059998
463.98,1.840027
464.12,1.02002
464.26,1.780029
464.4,0.960022
464.54,1.440002
464.68,0.6199951
464.82,1.200012
464.95,0.6599731
465.09,1.940002
465.23,1.780029
465.37,1.960022
465.51,0.5599976
465.65,1.47998
465.79,2.059998
465.93,1.099976
466.06,0.05999756
466.2,0.5599976
466.34,1.97998
466.48,1.700012
466.62,1.380005
466.76,1.47998
466.9,0.5200195
467.03,0.5800171
467.17,0.4799805
467.31,1.559998
467.45,1.200012
467.59,1.359985
467.73,0.7600098
467.87,1.700012
468,1.080017
468.14,1.380005
468.28,1.799988
468.42,1.26001
468.56,1.419983
468.7,1.640015
468.83,0.2399902
468.97,0.5599976
469.11,1.460022
469.25,1.320007
469.39,1.47998
469.52,0.7399902
469.66,1.659973
469.8,1.799988
469.94,2.140015
470.08,1.76001
470.21,1.539978
470.35,2.440002
470.49,2
470.63,2.26001
470.77,1.659973
470.9,1.700012
471.04,1.200012
471.18,0.5599976
471.32,0.5
471.45,1.719971
471.59,0.7000122
471.73,1.400024
471.87,0.7199707
472.01,1.02002
472.14,0.460022
472.28,0.7000122
472.42,1.219971
472.56,1.119995
472.69,1.640015
472.83,1.26001
472.97,1.440002
473.11,0.2199707
473.24,0.8800049
473.38,0.7999878
473.52,1.340027
473.66,1.440002
473.79,0.9000244
473.93,0.460022
474.07,0.7199707
474.21,0.2000122
474.34,1.400024
474.48,1.580017
474.62,1.219971
474.75,1.059998
474.89,1.299988
475.03,1.460022
475.17,0.9400024
475.3,0.7600098
475.44,1.460022
475.58,1
475.71,0.7399902
475.85,1.580017
475.99,1
476.13,0.9199829
476.26,1.219971
476.4,1.02002
476.54,1.559998
476.67,0.8599854
476.81,0.1199951
476.95,0.9000244
477.08,0.2199707
477.22,1.179993
477.36,1.280029
477.49,0.9199829
477.63,1.380005
477.77,1.059998
477.9,0
478.04,1.159973
478.18,1
478.31,1.140015
478.45,1.280029
478.59,1.320007
478.72,1.340027
478.86,0.960022
479,1.119995
479.13,0.8800049
479.27,1.73999
479.41,0
479.54,1.200012
479.68,1.039978
479.82,1.02002
479.95,1.380005
480.09,0.9000244
480.23,0.02001953
480.36,1.280029
480.5,1.059998
480.63,1.23999
480.77,1.719971
480.91,2
481.04,1.299988
481.18,2.539978
481.31,2.159973
481.45,1.820007
481.59,1.960022
481.72,1.859985
481.86,1.52002
482,0.3599854
482.13,0.4400024
482.27,0.6799927
482.4,0.6599731
482.54,1.5
482.68,1.359985
482.81,1.099976
482.95,1.099976
483.08,1.5
483.22,1.679993
483.35,1.26001
483.49,1.700012
483.63,0.460022
483.76,1.159973
483.9,1.52002
484.03,1.26001
484.17,1.400024
484.3,1.159973
484.44,1.219971
484.58,1.299988
484.71,1.359985
484.85,1.159973
484.98,1.419983
485.12,1.059998
485.25,1.359985
485.39,0.8400269
485.52,1.840027
485.66,1.440002
485.79,1.380005
485.93,0.2600098
486.07,1.039978
486.2,1.200012
486.34,1.460022
486.47,1.599976
486.61,0.9799805
486.74,0.9000244
486.88,0.2600098
487.01,1.5
487.15,1.619995
487.28,1.380005
487.42,1.52002
487.55,1.580017
487.69,1.099976
487.82,1.200012
487.96,1.719971
488.09,1.039978
488.23,0.9400024
488.36,1.280029
488.5,0.3599854
488.63,1.340027
488.77,1.320007
488.9,0.5599976
489.04,1.400024
489.17,0.2999878
489.31,1.539978
489.44,1.820007
489.58,1.840027
489.71,1.559998
489.85,1.559998
489.98,1.299988
490.12,3.210022
490.25,2.809998
490.38,3.119995
490.52,2.700012
490.65,2.869995
490.79,3.650024
490.92,11.17999
491.06,31.5
491.19,53.84998
491.33,72.98999
491.46,86.45001
491.6,94.03998
491.73,96.69
491.86,90.40997
492,72.71002
492.13,52.15997
492.27,38.88
492.4,28.28003
492.54,6.76001
492.67,5.780029
492.8,4.320007
492.94,4.419983
493.07,5.099976
493.21,4.460022
493.34,4.219971
493.47,3.580017
493.61,3.820007
493.74,3.080017
493.88,2.840027
494.01,2.719971
494.15,2.440002
494.28,1.97998
494.41,1.960022
494.55,1.659973
494.68,1.640015
494.81,1.419983
494.95,1.960022
495.08,1.419983
495.22,1.5
495.35,2.039978
495.48,1.799988
495.62,1.599976
495.75,1.440002
495.89,0.8599854
496.02,1.700012
496.15,1.380005
496.29,1.219971
496.42,1.840027
496.55,2.179993
496.69,1.799988
496.82,2.359985
496.95,2.159973
497.09,1.47998
497.22,1.780029
497.35,2.23999
497.49,1.679993
497.62,2.119995
497.75,1.619995
497.89,1.780029
498.02,1.359985
498.15,0.5800171
498.29,1.059998
498.42,0.539978
498.55,1.26001
498.69,1.640015
498.82,1.440002
498.95,1.299988
499.09,1.280029
499.22,1.419983
499.35,1.679993
499.49,1.559998
499.62,1.299988
499.75,1.380005
499.89,1.299988
500.02,1.23999
500.15,1.219971
500.28,1.159973
500.42,1.119995
500.55,1.280029
500.68,1.23999
500.82,1.179993
500.95,1.219971
501.08,1.320007
501.21,1.5
501.35,1.299988
501.48,1.419983
501.61,1.780029
501.75,1.76001
501.88,1.599976
502.01,1.52002
502.14,0.9400024
502.28,1.599976
502.41,1.419983
502.54,1.47998
502.67,1.659973
502.81,1.679993
502.94,1.26001
503.07,1.700012
503.2,1.659973
503.34,1.679993
503.47,1.320007
503.6,0.8800049
503.73,1.679993
503.87,1.659973
504,1.659973
504.13,1.539978
504.26,1.47998
504.4,1.359985
504.53,1.02002
504.66,1.76001
504.79,0.5200195
504.92,1.859985
505.06,1.799988
505.19,1.460022
505.32,0.9400024
505.45,1.280029
505.58,1.73999
505.72,1.47998
505.85,2.039978
505.98,1.619995
506.11,1.280029
506.24,1.52002
506.38,1.719971
506.51,0.7800293
506.64,1.299988
506.77,1.23999
506.9,1.419983
507.04,1.380005
507.17,1.700012
507.3,1.700012
507.43,1.73999
507.56,0.6199951
507.69,1.659973
507.83,1.599976
507.96,0.2399902
508.09,1.640015
508.22,0.7600098
508.35,0.9199829
508.48,1.400024
508.62,1.700012
508.75,1.659973
508.88,1.419983
509.01,1.719971
509.14,1.52002
509.27,1.659973
509.41,1.23999
509.54,1.719971
509.67,1.859985
509.8,1.140015
509.93,0.7999878
510.06,0.7600098
510.19,0.4799805
510.32,1.580017
510.46,0.7399902
510.59,0.7800293
510.72,0.8200073
510.85,0.5999756
510.98,1.440002
511.11,1.440002
511.24,1.299988
511.37,1.26001
511.5,1.559998
511.64,1.97998
511.77,0.7999878
511.9,1.799988
512.03,2.280029
512.16,1.02002
512.29,0.7999878
512.42,0.9000244
512.55,1.23999
512.68,1.659973
512.81,0.8800049
512.95,0.9799805
513.08,1.179993
513.21,2.039978
513.34,1.820007
513.47,0.7000122
513.6,1.799988
513.73,1.97998
513.86,1.219971
513.99,1.140015
514.12,1.539978
514.25,2.419983
514.38,0.5599976
514.51,1.900024
514.64,2.099976
514.77,2.340027
514.9,1.919983
515.04,2.02002
515.17,2.039978
515.3,1.5
515.43,1.820007
515.56,2.440002
515.69,2.440002
515.82,2.359985
515.95,1.559998
516.08,1.580017
516.21,1.859985
516.34,2.539978
516.47,1.659973
516.6,2.099976
516.73,1.299988
516.86,2.179993
516.99,2.400024
517.12,2.02002
517.25,1.619995
517.38,2.140015
517.51,1
517.64,2.02002
517.77,2.059998
517.9,0.539978
518.03,1.080017
518.16,1.52002
518.29,1.700012
518.42,1.659973
518.55,2.659973
518.68,2.380005
518.81,1.840027
518.94,1.940002
519.07,2.799988
519.2,1.799988
519.33,1.320007
519.46,1.859985
519.59,2.200012
519.72,2.179993
519.85,1.97998
519.98,2.059998
520.11,1.380005
520.24,1.799988
520.36,1.219971
520.49,1.26001
520.62,2.23999
520.75,2.039978
520.88,1.919983
521.01,2.280029
521.14,1.780029
521.27,1.52002
521.4,2.159973
521.53,1.799988
521.66,1.880005
521.79,1.880005
521.92,2.400024
522.05,2.52002
522.18,1.900024
522.31,2.400024
522.43,2.460022
522.56,2.859985
522.69,3.659973
522.82,2.380005
522.95,3.200012
523.08,2.179993
523.21,2.840027
523.34,1.799988
523.47,1.539978
523.6,2.099976
523.73,1.419983
523.85,1.840027
523.98,2.419983
524.11,2.76001
524.24,1.359985
524.37,1.179993
524.5,2.200012
524.63,1.580017
524.76,1.820007
524.89,2.059998
525.01,1.460022
525.14,1.799988
525.27,1.26001
525.4,1.880005
525.53,2.73999
525.66,2.23999
525.79,1.23999
525.91,1.919983
526.04,1.52002
526.17,1.599976
526.3,2.5
526.43,2.159973
526.56,1.460022
526.69,1.140015
526.81,2.539978
526.94,1.200012
527.07,2.159973
527.2,2.52002
527.33,1.400024
527.46,1.859985
527.58,2.23999
527.71,2.179993
527.84,3.080017
527.97,1.679993
528.1,2.400024
528.23,1.960022
528.35,1.859985
528.48,1.820007
528.61,2.179993
528.74,1.380005
528.87,2.780029
528.99,1.619995
529.12,2.539978
529.25,2.640015
529.38,1.900024
529.51,1.799988
529.63,1.880005
529.76,1.440002
529.89,2.719971
530.02,1.5
530.15,1.880005
530.27,1.580017
530.4,1.559998
530.53,1.900024
530.66,2.280029
530.79,1.440002
530.91,1.73999
531.04,2.780029
531.17,1.640015
531.3,2.359985
531.42,1.640015
531.55,1.880005
531.68,2.119995
531.81,2.919983
531.93,1.880005
532.06,1.919983
532.19,2.719971
532.32,1.640015
532.44,1.880005
532.57,1.880005
532.7,2.039978
532.83,2.940002
532.95,2.179993
533.08,1.960022
533.21,2.380005
533.34,3.219971
533.46,2.599976
533.59,2.460022
533.72,2.440002
533.84,2.799988
533.97,3.280029
534.1,2.900024
534.23,2.76001
534.35,1.679993
534.48,2.5
534.61,2.159973
534.73,1.960022
534.86,2.559998
534.99,2.299988
535.12,2.619995
535.24,2.73999
535.37,2.619995
535.5,3.659973
535.62,3.679993
535.75,2.099976
535.88,2.119995
536,2.419983
536.13,2.200012
536.26,2.140015
536.38,2.340027
536.51,2.73999
536.64,3.02002
536.76,1.919983
536.89,3.140015
537.02,2.960022
537.15,1.799988
537.27,2.419983
537.4,2.52002
537.52,2.119995
537.65,2.359985
537.78,3.039978
537.9,3.5
538.03,2.52002
538.16,2.780029
538.28,2.700012
538.41,1.919983
538.54,1.940002
538.66,2.280029
538.79,2.140015
538.92,2.659973
539.04,2.659973
539.17,2.580017
539.29,2.140015
539.42,2.440002
539.55,2.659973
539.67,2.52002
539.8,2.299988
539.93,2.26001
540.05,2.440002
540.18,2.219971
540.3,2.359985
540.43,2.659973
540.56,2.02002
540.68,2.5
540.81,2.200012
540.93,2.679993
541.06,2.599976
541.19,2.440002
541.31,2.700012
541.44,2.859985
541.56,2.099976
541.69,2.340027
541.82,3.640015
541.94,3.099976
542.07,2.76001
542.19,2.900024
542.32,2.659973
542.44,3.039978
542.57,3.719971
542.7,2.559998
542.82,2.52002
542.95,2.719971
543.07,2.940002
543.2,3.039978
543.32,3.659973
543.45,0
543.58,0
543.7,0
543.83,0
543.95,0
544.08,0
544.2,0
544.33,0
544.45,0
544.58,0
544.7,0
544.83,0
544.96,0
545.08,0
545.21,9.419983
545.33,115.54
545.46,304.34
545.58,486.78
545.71,640.78
545.83,760.08
545.96,845.88
546.08,899.02
546.21,890.9
546.33,822.4399
546.46,674.38
546.58,544.54
546.71,443.44
546.83,360.82
546.96,290.16
547.08,233.46
547.21,191.62
547.33,158.1
547.46,130.26
547.58,107.32
547.71,88.62
547.83,72.52002
547.96,58.23999
548.08,46.09998
548.21,34.02002
548.33,23.62
548.45,14.26001
548.58,7.419983
548.7,3.700012
548.83,1.02002
548.95,0
549.08,0
549.2,0
549.33,0
549.45,0
549.58,0
549.7,0
549.82,0
549.95,0
550.07,0
550.2,0
550.32,0
550.45,0
550.57,0
550.7,0
550.82,0
550.94,0
551.07,0
551.19,0
551.32,0
551.44,0
551.56,0
551.69,0
551.81,0
551.94,0
552.06,0
552.19,0
552.31,8.599976
552.43,8.859985
552.56,8.440002
552.68,8.320007
552.8,7.919983
552.93,7.039978
553.05,7.619995
553.18,7.140015
553.3,6.320007
553.42,6.26001
553.55,5.900024
553.67,5.640015
553.8,4.840027
553.92,4.580017
554.04,4.359985
554.17,3.900024
554.29,4.080017
554.41,4.179993
554.54,4.099976
554.66,3.140015
554.78,3.700012
554.91,3.580017
555.03,4.059998
555.16,4.119995
555.28,4.659973
555.4,8.940002
555.53,21.78003
555.65,35.40002
555.77,49
555.9,59.79999
556.02,68.64001
556.14,77.67999
556.27,113.58
556.39,165.94
556.51,217.02
556.64,256.54
556.76,291
556.88,314.52
557.01,326.16
557.13,318.3
557.25,280.84
557.37,220.34
557.5,175.96
557.62,141.12
557.74,116.06
557.87,94.41998
557.99,77.06
558.11,63.52002
558.24,53.17999
558.36,42.59998
558.48,34.44
558.6,28.64001
558.73,24.20001
558.85,21.06
558.97,19.12
559.1,15.90002
559.22,13.32001
559.34,11.76001
559.46,10.20001
559.59,9.880005
559.71,8.73999
559.83,8.559998
559.96,7.900024
560.08,8.039978
560.2,8.820007
560.32,9.039978
560.45,8.460022
560.57,8.700012
560.69,8.47998
560.81,8.400024
560.94,8.080017
561.06,7.599976
561.18,7.299988
561.3,7.219971
561.43,6.359985
561.55,6.619995
561.67,6.679993
561.79,6.840027
561.92,6.52002
562.04,6.380005
562.16,6.559998
562.28,6.539978
562.4,6.340027
562.53,6.52002
562.65,6.359985
562.77,6.880005
562.89,6.900024
563.02,6.619995
563.14,7.080017
563.26,6.619995
563.38,7.219971
563.5,7.840027
563.63,7.659973
563.75,7.76001
563.87,7.76001
563.99,7.799988
564.11,7.919983
564.24,9.5
564.36,11.85999
564.48,13.64001
564.6,15.03998
564.72,16.38
564.84,16.85999
564.97,17.94
565.09,16.91998
565.21,15.82001
565.33,13.79999
565.45,12.40002
565.57,10.94
565.7,9.659973
565.82,9.960022
565.94,8.859985
566.06,8.23999
566.18,8.159973
566.3,8.159973
566.43,7.76001
566.55,8.340027
566.67,8.799988
566.79,9.099976
566.91,10.15997
567.03,11.03998
567.15,11.38
567.28,11.41998
567.4,12.09998
567.52,11.14001
567.64,10.52002
567.76,10.38
567.88,9.559998
568,9.280029
568.12,8.679993
568.25,8.159973
568.37,7.679993
568.49,7.599976
568.61,7.080017
568.73,7.02002
568.85,6.940002
568.97,6
569.09,6.340027
569.21,6.280029
569.34,5.460022
569.46,5.780029
569.58,5.880005
569.7,5.419983
569.82,5.76001
569.94,5.880005
570.06,6.140015
570.18,6.179993
570.3,6.299988
570.42,6.47998
570.54,6.640015
570.67,6.780029
570.79,7.119995
570.91,6.679993
571.03,6.299988
571.15,6.340027
571.27,5.859985
571.39,5.380005
571.51,5.599976
571.63,5.580017
571.75,4.859985
571.87,6.080017
571.99,6.419983
572.11,6.039978
572.23,6.099976
572.35,6.080017
572.47,6.900024
572.59,6.02002
572.71,6.200012
572.84,5.900024
572.96,5.580017
573.08,5.47998
573.2,5.47998
573.32,5.099976
573.44,5.26001
573.56,5.640015
573.68,5.580017
573.8,5.960022
573.92,5.97998
574.04,5.679993
574.16,5.059998
574.28,5.26001
574.4,5.580017
574.52,5.52002
574.64,5.679993
574.76,5.320007
574.88,5.400024
575,5.52002
575.12,6
575.24,5.76001
575.36,6.299988
575.48,5.52002
575.6,6.26001
575.72,6.5
575.84,6.5
575.96,7.880005
576.08,32.67999
576.2,160.68
576.32,341.22
576.44,524.8
576.56,682.6
576.68,813.84
576.8,912.3
576.92,970.76
577.03,973.88
577.15,897.4399
577.27,743.1
577.39,602.5
577.51,496.3
577.63,412
577.75,344.66
577.87,289.14
577.99,239.78
578.11,201.98
578.23,223.36
578.35,349.98
578.47,503.22
578.59,656.74
578.71,793.34
578.83,892.28
578.95,961.72
579.07,979.74
579.18,948.1
579.3,830.62
579.42,673.78
579.54,554.28
579.66,453.74
579.78,378.3
579.9,317.34
580.02,267.58
580.14,220.78
580.26,181.98
580.38,146.86
580.49,115.12
580.61,90.14001
580.73,70.52002
580.85,54.23999
580.97,40.20001
581.09,28.40002
581.21,20.65997
581.33,15.35999
581.45,11.44
581.56,10
581.68,9.5
581.8,9.119995
581.92,9.780029
582.04,10.84003
582.16,12
582.28,11.88
582.4,11.78003
582.51,13.17999
582.63,14.09998
582.75,14.73999
582.87,15.15997
582.99,14.71997
583.11,15.26001
583.23,15.34003
583.34,14.73999
583.46,13.76001
583.58,11.79999
583.7,10.06
583.82,9.280029
583.94,8.539978
584.05,7.960022
584.17,7.140015
584.29,6.380005
584.41,6.26001
584.53,6.320007
584.65,6.200012
584.76,6.159973
584.88,5.73999
585,5.799988
585.12,6.23999
585.24,6.23999
585.36,6.280029
585.47,6.97998
585.59,7.119995
585.71,7.039978
585.83,7.73999
585.95,10.56
586.06,13.40002
586.18,23.03998
586.3,82.06
586.42,173.44
586.54,263.12
586.65,335.74
586.77,397.06
586.89,427.5
587.01,450.58
587.12,447.82
587.24,409.32
587.36,322.34
587.48,251.34
587.6,196.78
587.71,158.56
587.83,130.76
587.95,110.3
588.07,91.94
588.18,74.58002
588.3,59.40002
588.42,48.14001
588.54,38.20001
588.65,31.78003
588.77,27.06
588.89,20.82001
589.01,16.29999
589.12,13.12
589.24,10.02002
589.36,8.880005
589.48,8.219971
589.59,6.840027
589.71,6.340027
589.83,6.440002
589.95,5.5
590.06,5.400024
590.18,6.580017
590.3,5.440002
590.41,5.73999
590.53,6.580017
590.65,6
590.77,6.47998
590.88,6.460022
591,6.880005
591.12,7.47998
591.23,6.679993
591.35,7.059998
591.47,6.200012
591.59,5.460022
591.7,5.619995
591.82,5.400024
591.94,4.76001
592.05,6.5
592.17,5.5
592.29,5.179993
592.4,5.73999
592.52,5.539978
592.64,5.299988
592.75,5.640015
592.87,5.23999
592.99,5.559998
593.1,5.559998
593.22,5.340027
593.34,5.26001
593.45,5.52002
593.57,5.140015
593.69,5.26001
593.8,5.640015
593.92,5.840027
594.04,6.640015
594.15,5.97998
594.27,5.659973
594.39,5.099976
594.5,5.440002
594.62,4.919983
594.74,5.299988
594.85,4.679993
594.97,4.940002
595.09,5.619995
595.2,5.73999
595.32,5.76001
595.43,5.119995
595.55,5.200012
595.67,4.5
595.78,4.419983
595.9,4.76001
596.02,4.73999
596.13,4.539978
596.25,4.919983
596.36,4.140015
596.48,4.780029
596.6,4.97998
596.71,4.840027
596.83,4.940002
596.94,4.640015
597.06,5.200012
597.18,6.059998
597.29,4.960022
597.41,5.440002
597.52,4.919983
597.64,4.580017
597.76,4.97998
597.87,5.179993
597.99,5.299988
598.1,5.320007
598.22,5.159973
598.33,6.52002
598.45,5.659973
598.57,6.440002
598.68,9.200012
598.8,11.17999
598.91,12.53998
599.03,14.20001
599.14,15.85999
599.26,16.38
599.38,17.44
599.49,15.5
599.61,14.08002
599.72,12.32001
599.84,11.70001
599.95,9.140015
600.07,8.52002
600.18,7.340027
600.3,7.700012
600.41,8.700012
600.53,9.320007
600.65,10.52002
600.76,11.96002
600.88,12.46002
600.99,13.88
601.11,13.20001
601.22,13.94
601.34,13.47998
601.45,11
601.57,10.12
601.68,9.219971
601.8,9.02002
601.91,7.580017
602.03,7.02002
602.14,6.440002
602.26,5.73999
602.37,7.52002
602.49,7.960022
602.6,7.460022
602.72,8.460022
602.83,9.460022
602.95,9.5
603.06,10.09998
603.18,10.14001
603.29,10.29999
603.41,9.5
603.52,9.23999
603.64,9.179993
603.75,8.380005
603.87,7.340027
603.98,7.76001
604.1,7.580017
604.21,7.200012
604.33,7.919983
604.44,6.580017
604.55,7.359985
604.67,6.320007
604.78,6.719971
604.9,8.320007
605.01,10.12
605.13,12.26001
605.24,14.34003
605.36,15.94
605.47,16.65997
605.59,16.06
605.7,16.85999
605.81,14.85999
605.93,13.21997
606.04,11.58002
606.16,10.40002
606.27,10.02002
606.39,8.73999
606.5,7.73999
606.61,7.97998
606.73,7.880005
606.84,6.780029
606.96,7.219971
607.07,7.719971
607.18,7.140015
607.3,7.679993
607.41,8.26001
607.53,9.280029
607.64,8.659973
607.76,10.34003
607.87,10.71997
607.98,11.26001
608.1,11.14001
608.21,10.76001
608.33,9.820007
608.44,9.419983
608.55,10.02002
608.67,7.880005
608.78,7.159973
608.89,7.080017
609.01,6.820007
609.12,7.47998
609.24,6.559998
609.35,7.5
609.46,6.23999
609.58,6.700012
609.69,6.02002
609.8,6.960022
609.92,5.719971
610.03,6.719971
610.15,6.619995
610.26,7.059998
610.37,6.780029
610.49,7.02002
610.6,6.440002
610.71,5.960022
610.83,6.559998
610.94,6.840027
611.05,5.97998
611.17,6.219971
611.28,6.059998
611.39,6.039978
611.51,6.26001
611.62,6.340027
611.73,6.640015
611.85,6.539978
611.96,6.039978
612.07,7.419983
612.19,7.26001
612.3,8
612.41,8.080017
612.53,7.599976
612.64,7.859985
612.75,7
612.87,6.47998
612.98,6.679993
613.09,6.859985
613.2,6.47998
613.32,6.960022
613.43,7.039978
613.54,6.76001
613.66,5.400024
613.77,6.640015
613.88,6.559998
613.99,6.200012
614.11,6.820007
614.22,7.059998
614.33,7.5
614.45,7.539978
614.56,7.719971
614.67,7.820007
614.78,8.099976
614.9,8.440002
615.01,8.26001
615.12,8.299988
615.23,7.080017
615.35,7.719971
615.46,7.659973
615.57,6.460022
615.69,7.26001
615.8,7.02002
615.91,7.599976
616.02,7.299988
616.14,7.039978
616.25,7.679993
616.36,7.700012
616.47,7.5
616.59,7.73999
616.7,7.179993
616.81,7.559998
616.92,7.359985
617.03,8.059998
617.15,7.679993
617.26,7.679993
617.37,7.280029
617.48,7.320007
617.6,6.26001
617.71,7.419983
617.82,7.47998
617.93,7.26001
618.04,6.359985
618.16,7.080017
618.27,5.539978
618.38,6.26001
618.49,6.26001
618.6,6.52002
618.72,7.039978
618.83,6.73999
618.94,7
619.05,6.380005
619.16,7.539978
619.28,6.440002
619.39,6.76001
619.5,6.880005
619.61,6.76001
619.72,7.320007
619.84,6.440002
619.95,7.23999
620.06,7.26001
620.17,7.23999
620.28,7.659973
620.39,7.299988
620.51,7.320007
620.62,7.580017
620.73,7.919983
620.84,7.840027
620.95,8.440002
621.06,7.719971
621.18,8.219971
621.29,7.960022
621.4,8.440002
621.51,8.219971
621.62,7.440002
621.73,9.179993
621.84,9.820007
621.96,9.140015
622.07,9.820007
622.18,9.940002
622.29,9.580017
622.4,9.400024
622.51,8.960022
622.62,9.080017
622.73,9.47998
622.85,10.71997
622.96,10.59998
623.07,12.70001
623.18,13.84003
623.29,14.17999
623.4,15.23999
623.51,15.35999
623.62,15.09998
623.73,15.02002
623.85,14.32001
623.96,13.26001
624.07,12.53998
624.18,11.5
624.29,11.47998
624.4,11.32001
624.51,10.32001
624.62,10.20001
624.73,10.88
624.84,9.900024
624.96,10.35999
625.07,10.17999
625.18,9.619995
625.29,9.599976
625.4,9.5
625.51,9.780029
625.62,9.700012
625.73,9.880005
625.84,10.71997
625.95,10.32001
626.06,9.960022
626.17,10.84003
626.28,11.23999
626.39,10.53998
626.5,10.28003
626.62,9.200012
626.73,9.880005
626.84,9.02002
626.95,9.200012
627.06,9.47998
627.17,8.539978
627.28,7.580017
627.39,8.73999
627.5,7.919983
627.61,8.419983
627.72,8.059998
627.83,8.159973
627.94,8.340027
628.05,8.47998
628.16,8.119995
628.27,8.340027
628.38,8.460022
628.49,7.919983
628.6,8.47998
628.71,8.380005
628.82,8.200012
628.93,9.02002
629.04,8.580017
629.15,8.640015
629.26,9.059998
629.37,8.960022
629.48,8.659973
629.59,9.080017
629.7,9.080017
629.81,8.219971
629.92,7.940002
630.03,9.419983
630.14,9.619995
630.25,9.280029
630.36,9.799988
630.47,10.29999
630.58,9.419983
630.69,9.539978
630.8,9.52002
630.91,9.440002
631.02,9.419983
631.13,8.73999
631.24,9.26001
631.35,9.52002
631.46,8.900024
631.57,8.940002
631.68,8.539978
631.79,8.280029
631.9,8.719971
632.01,8.859985
632.11,8.97998
632.22,8.440002
632.33,8.900024
632.44,9.359985
632.55,9.400024
632.66,8.960022
632.77,8.859985
632.88,9.099976
632.99,8.700012
633.1,8.900024
633.21,8.47998
633.32,8.919983
633.43,8.640015
633.54,8.559998
633.65,9.400024
633.75,9.419983
633.86,9.700012
633.97,9.119995
634.08,9.799988
634.19,9.840027
634.3,10.26001
634.41,10.76001
634.52,11.28003
634.63,11.71997
634.74,11.40002
634.84,11.56
634.95,10.70001
635.06,10.79999
635.17,10.41998
635.28,10.41998
635.39,10.47998
635.5,9.880005
635.61,9.719971
635.72,9.599976
635.82,9.47998
635.93,9.23999
636.04,9.73999
636.15,9.539978
636.26,9.460022
636.37,9.700012
636.48,9.76001
636.59,10.21997
636.69,11.38
636.8,11.94
636.91,12.20001
637.02,12.59998
637.13,12.96002
637.24,12.46002
637.35,13
637.45,12.44
637.56,11.96002
637.67,11.38
637.78,10.82001
637.89,11.09998
638,10.82001
638.1,10.96002
638.21,10.85999
638.32,10.44
638.43,10.62
638.54,11.09998
638.65,10.08002
638.75,10.28003
638.86,9.940002
638.97,9.780029
639.08,9.099976
639.19,9.440002
639.29,9.280029
639.4,9.380005
639.51,9.580017
639.62,9.900024
639.73,9.679993
639.83,9.700012
639.94,9.039978
640.05,9.47998
640.16,9.380005
640.27,9.140015
640.37,9.02002
640.48,9.599976
640.59,9.200012
640.7,9.76001
640.81,10.78003
640.91,12.20001
641.02,13.17999
641.13,15.12
641.24,16.38
641.34,19.59998
641.45,22.79999
641.56,25.94
641.67,28.38
641.78,29.59998
641.88,29.32001
641.99,28.40002
642.1,27.15997
642.21,25.82001
642.31,22.32001
642.42,19.20001
642.53,16.67999
642.64,15.08002
642.74,13.40002
642.85,12.67999
642.96,12.02002
643.07,11.34003
643.17,10.59998
643.28,10.35999
643.39,9.820007
643.5,9.900024
643.6,9.719971
643.71,10.09998
643.82,9.880005
643.92,9.340027
644.03,8.780029
644.14,9.580017
644.25,8.780029
644.35,9.359985
644.46,9.880005
644.57,11.09998
644.67,9.97998
644.78,11.79999
644.89,17.17999
645,22.67999
645.1,28.20001
645.21,32.82001
645.32,34.91998
645.42,36.88
645.53,38.29999
645.64,38.20001
645.74,35.88
645.85,31.03998
645.96,26.26001
646.06,22.28003
646.17,18.91998
646.28,17.15997
646.38,14.15997
646.49,13.09998
646.6,11.67999
646.7,11.38
646.81,10.34003
646.92,9.719971
647.02,9.380005
647.13,9.659973
647.24,8.599976
647.34,8.97998
647.45,9.23999
647.56,9.059998
647.66,8.47998
647.77,8.700012
647.88,8.719971
647.98,8.320007
648.09,9.619995
648.2,9.619995
648.3,9.119995
648.41,9.200012
648.52,10.17999
648.62,9.400024
648.73,9.900024
648.83,9.539978
648.94,9.97998
649.05,9.26001
649.15,9.140015
649.26,10.32001
649.37,9.140015
649.47,9.340027
649.58,8.799988
649.68,9.099976
649.79,9.400024
649.9,9.440002
650,8.880005
650.11,8.960022
650.21,9.179993
650.32,9.299988
650.43,10.35999
650.53,9.52002
650.64,9.719971
650.74,10.23999
650.85,9.539978
650.96,9.119995
651.06,8.659973
651.17,9.619995
651.27,9.359985
651.38,8.97998
651.49,9.26001
651.59,8.73999
651.7,8.960022
651.8,8.700012
651.91,8.400024
652.01,8.700012
652.12,8.640015
652.23,8.340027
652.33,8.840027
652.44,8.099976
652.54,9.52002
652.65,8
652.75,9.059998
652.86,9.119995
652.96,8.780029
653.07,9.840027
653.17,8.960022
653.28,9.280029
653.39,9.900024
653.49,9.159973
653.6,9.380005
653.7,9.340027
653.81,10.03998
653.91,9.599976
654.02,9.299988
654.12,9.140015
654.23,8.73999
654.33,8.460022
654.44,9.599976
654.54,9.619995
654.65,9.039978
654.75,9.299988
654.86,8.799988
654.96,8.700012
655.07,8.400024
655.17,9.059998
655.28,9.52002
655.38,8.840027
655.49,9.380005
655.59,9.320007
655.7,9.580017
655.8,8.919983
655.91,8.460022
656.01,8.619995
656.12,9.059998
656.22,8.679993
656.33,8.960022
656.43,8.679993
656.54,8.340027
656.64,9.299988
656.75,9.320007
656.85,8.380005
656.96,8.599976
657.06,8.559998
657.17,8.76001
657.27,9.679993
657.38,10.59998
657.48,10.14001
657.59,9.799988
657.69,9.52002
657.79,10.84003
657.9,9.440002
658,8.719971
658.11,9.200012
658.21,8.73999
658.32,9.400024
658.42,8.440002
658.53,8.919983
658.63,9.080017
658.73,9.679993
658.84,9.940002
658.94,9.659973
659.05,8.640015
659.15,8.47998
659.26,8.640015
659.36,8.719971
659.46,9.280029
659.57,9.340027
659.67,9.280029
659.78,8.719971
659.88,8.840027
659.99,9.619995
660.09,9.780029
660.19,10.06
660.3,9.580017
660.4,9.159973
660.51,10.28003
660.61,8.940002
660.71,8.580017
660.82,9.460022
660.92,9
661.03,9.599976
661.13,8.580017
661.23,8.799988
661.34,8.580017
661.44,8.640015
661.54,9.23999
661.65,8.640015
661.75,9.159973
661.86,8.599976
661.96,8.700012
662.06,9.340027
662.17,8.299988
662.27,8.73999
662.37,8.679993
662.48,8.5
662.58,9.26001
662.69,8.460022
662.79,8.52002
662.89,8.73999
663,9.47998
663.1,8.840027
663.2,10.06
663.31,9.580017
663.41,8.840027
663.51,8.940002
663.62,9.73999
663.72,8.26001
663.82,9.320007
663.93,9.419983
664.03,9.599976
664.13,8.47998
664.24,9.23999
664.34,9.840027
664.44,10.23999
664.55,10.08002
664.65,11.23999
664.75,12.38
664.86,12.35999
664.96,13.03998
665.06,13.14001
665.17,12.64001
665.27,12.03998
665.37,13.34003
665.48,12.71997
665.58,10.88
665.68,11.06
665.78,11.29999
665.89,10.96002
665.99,10.08002
666.09,11.32001
666.2,11.03998
666.3,10.53998
666.4,10.28003
666.5,9.460022
666.61,9.140015
666.71,8.919983
666.81,9.059998
666.92,9.900024
667.02,10.88
667.12,11.85999
667.22,12.34003
667.33,14.52002
667.43,15.23999
667.53,15.58002
667.63,15.65997
667.74,16.88
667.84,15.79999
667.94,16
668.05,15.73999
668.15,14.59998
668.25,13.79999
668.35,12.34003
668.46,11.08002
668.56,10.29999
668.66,11.73999
668.76,11
668.86,10.78003
668.97,10.56
669.07,10.35999
669.17,11.09998
669.27,12.20001
669.38,13
669.48,13.73999
669.58,14.29999
669.68,13.90002
669.79,14.79999
669.89,14.73999
669.99,14.78003
670.09,15.17999
670.19,13.38
670.3,13.03998
670.4,12.41998
670.5,12.32001
670.6,11.38
670.7,10.91998
670.81,11.15997
670.91,9.960022
671.01,10.59998
671.11,10.96002
671.21,11.23999
671.32,11.53998
671.42,11.47998
671.52,11.29999
671.62,12.32001
671.72,11.12
671.83,12.38
671.93,11.47998
672.03,11.5
672.13,11.46002
672.23,11.56
672.33,10.67999
672.44,11.17999
672.54,9.900024
672.64,10.76001
672.74,11.23999
672.84,10.28003
672.94,10.67999
673.05,9.119995
673.15,10.64001
673.25,9.940002
673.35,11.59998
673.45,11.32001
673.55,11.17999
673.65,11.5
673.76,10.62
673.86,11.09998
673.96,10.97998
674.06,11.17999
674.16,11.90002
674.26,10.91998
674.36,11.67999
674.47,11.41998
674.57,12.21997
674.67,13.38
674.77,15.38
674.87,16.90002
674.97,17.90002
675.07,19.23999
675.17,19.06
675.27,18.94
675.38,18.76001
675.48,18
675.58,16.90002
675.68,15.15997
675.78,14.23999
675.88,13.20001
675.98,13.44
676.08,12.85999
676.18,12.28003
676.28,11.5
676.39,12.03998
676.49,11.67999
676.59,11.21997
676.69,11.65997
676.79,10.96002
676.89,12.26001
676.99,11.79999
677.09,11.82001
677.19,11.47998
677.29,11.97998
677.39,11.03998
677.49,11.79999
677.59,11.78003
677.7,11.91998
677.8,11.70001
677.9,11.26001
678,11.71997
678.1,11.64001
678.2,11.67999
678.3,11.67999
678.4,11.90002
678.5,11.28003
678.6,12.08002
678.7,12.29999
678.8,11.67999
678.9,11.59998
679,12.20001
679.1,12.34003
679.2,12.38
679.3,12.85999
679.4,12.70001
679.5,12.06
679.6,12.28003
679.7,12.23999
679.8,12.17999
679.9,11.64001
680,12
680.1,12.47998
680.2,12.34003
680.31,12.08002
680.41,12.44
680.51,12.38
680.61,13.09998
680.71,13.84003
680.81,13.84003
680.91,14.90002
681.01,15.96002
681.11,16.38
681.21,16.70001
681.31,16.62
681.41,15.79999
681.5,16.26001
681.6,15.84003
681.7,15.09998
681.8,14.67999
681.9,14.03998
682,13.52002
682.1,13.20001
682.2,13.5
682.3,13.59998
682.4,13.29999
682.5,13.20001
682.6,13.29999
682.7,13.06
682.8,13.34003
682.9,13.62
683,13
683.1,12.91998
683.2,13.47998
683.3,13
683.4,12.78003
683.5,13.03998
683.6,13.64001
683.7,12.88
683.8,12.62
683.9,12.78003
684,12.12
684.09,13.52002
684.19,13.06
684.29,13.94
684.39,13.09998
684.49,13.38
684.59,13.62
684.69,13.64001
684.79,13.29999
684.89,13.23999
684.99,13.70001
685.09,13.15997
685.19,13.02002
685.29,13.44
685.38,13.71997
685.48,13.20001
685.58,13.58002
685.68,13.91998
685.78,12.76001
685.88,13.26001
685.98,12.91998
686.08,12.35999
686.18,12.94
686.28,13.29999
686.37,14.09998
686.47,15.17999
686.57,17
686.67,19.29999
686.77,20.58002
686.87,21.46002
686.97,21.78003
687.07,22.34003
687.17,21.67999
687.26,21.12
687.36,20.38
687.46,19
687.56,17
687.66,15.44
687.76,15.14001
687.86,15.09998
687.95,14.29999
688.05,14.28003
688.15,14.64001
688.25,13.97998
688.35,14.47998
688.45,14.15997
688.55,14.14001
688.64,14.64001
688.74,14.46002
688.84,14.64001
688.94,14.64001
689.04,13.76001
689.14,13.96002
689.23,14.03998
689.33,13.90002
689.43,13.73999
689.53,13.59998
689.63,13.85999
689.73,14.97998
689.82,16.26001
689.92,19.40002
690.02,22.14001
690.12,25.52002
690.22,29.14001
690.31,31.15997
690.41,32.78003
690.51,34.65997
690.61,34.67999
690.71,33.03998
690.8,32.06
690.9,29.76001
691,26.32001
691.1,23.73999
691.2,21.91998
691.29,19.64001
691.39,18.14001
691.49,17.20001
691.59,16.70001
691.69,15.58002
691.78,15.41998
691.88,15.20001
691.98,14.64001
692.08,14.02002
692.17,14.02002
692.27,13.71997
692.37,14.12
692.47,13.32001
692.57,13.08002
692.66,14.12
692.76,13.76001
692.86,13.29999
692.96,13.53998
693.05,13.78003
693.15,14.03998
693.25,15.29999
693.35,15.47998
693.44,15.73999
693.54,16.08002
693.64,16.28003
693.74,16.44
693.83,16.41998
693.93,16.64001
694.03,16.82001
694.13,15.82001
694.22,15.12
694.32,15.14001
694.42,14.82001
694.51,14.58002
694.61,14.17999
694.71,14.23999
694.81,14
694.9,13.5
695,14.65997
695.1,14.35999
695.19,13.91998
695.29,13.20001
695.39,14.03998
695.49,13.91998
695.58,14.34003
695.68,15.38
695.78,27.47998
695.87,79.64001
695.97,154.7
696.07,236.42
696.16,303.94
696.26,355.76
696.36,396.76
696.46,412.92
696.55,425.4
696.65,415.82
696.75,394.22
696.84,323.82
696.94,236.44
697.04,166.9
697.13,118.86
697.23,88.44
697.33,65.62
697.42,49.15997
697.52,37.40002
697.62,30.35999
697.71,24.71997
697.81,20.82001
697.91,18.35999
698,16.53998
698.1,15.38
698.2,14.34003
698.29,13.73999
698.39,13.91998
698.48,13.06
698.58,13.03998
698.68,13.46002
698.77,13.56
698.87,13.58002
698.97,13.21997
699.06,13.88
699.16,13.90002
699.26,13.52002
699.35,13.28003
699.45,13.23999
699.54,12.96002
699.64,13.35999
699.74,13.17999
699.83,13.79999
699.93,12.94
700.03,12.40002
700.12,13.20001
700.22,12.84003
700.31,12.76001
700.41,13.32001
700.51,13.40002
700.6,13.34003
700.7,13.53998
700.79,13.28003
700.89,12.73999
700.99,12.71997
701.08,12.79999
701.18,12.47998
701.27,12.29999
701.37,12.02002
701.47,12.88
701.56,12.56
701.66,13.02002
701.75,13.26001
701.85,13.40002
701.94,13
702.04,13.15997
702.14,13
702.23,12.97998
702.33,13.82001
702.42,14.64001
702.52,15.85999
702.61,16.35999
702.71,17.08002
702.8,17.78003
702.9,17.82001
703,18.06
703.09,18.73999
703.19,18.29999
703.28,18.15997
703.38,17.06
703.47,17.56
703.57,15.85999
703.66,14.91998
703.76,14.32001
703.85,14
703.95,13.73999
704.05,12.79999
704.14,13.38
704.24,13.17999
704.33,12.88
704.43,13.5
704.52,13.40002
704.62,12.73999
704.71,12.56
704.81,12.44
704.9,12.41998
705,12.46002
705.09,13.46002
705.19,13.52002
705.28,13.47998
705.38,13.08002
705.47,13.53998
705.57,13.88
705.66,13.34003
705.76,13.62
705.85,13
705.95,16.70001
706.04,40.44
706.14,94.02002
706.23,156.96
706.33,209.68
706.42,259.12
706.52,292.56
706.61,320.96
706.71,329.82
706.8,336.18
706.9,322.68
706.99,291.98
707.08,230.12
707.18,168.62
707.27,123.12
707.37,86.35999
707.46,61.26001
707.56,44.47998
707.65,34.29999
707.75,27.40002
707.84,22.46002
707.94,20.41998
708.03,18
708.13,17.70001
708.22,16.26001
708.31,15.40002
708.41,15.58002
708.5,15.90002
708.6,14.17999
708.69,13.59998
708.79,13.84003
708.88,14.46002
708.97,13.20001
709.07,13.44
709.16,13.58002
709.26,13.35999
709.35,13.09998
709.45,12.65997
709.54,12.97998
709.63,12.84003
709.73,12.20001
709.82,12.52002
709.92,12.70001
710.01,12.40002
710.1,12.59998
710.2,13.46002
710.29,12.12
710.39,13.29999
710.48,13.26001
710.57,12.53998
710.67,12.84003
710.76,13.38
710.86,12.71997
710.95,13.56
711.04,12.64001
711.14,11.97998
711.23,12.09998
711.33,12.09998
711.42,11.65997
711.51,12.17999
711.61,11.70001
711.7,11.38
711.79,11.73999
711.89,11.88
711.98,11.67999
712.08,12.35999
712.17,11.78003
712.26,11.26001
712.36,11.08002
712.45,11.38
712.54,11.34003
712.64,12.08002
712.73,12.03998
712.82,12.17999
712.92,12.20001
713.01,11.5
713.1,12.29999
713.2,11.78003
713.29,11.29999
713.38,11.08002
713.48,11.90002
713.57,11.34003
713.66,11.53998
713.76,11.79999
713.85,11.90002
713.94,11.62
714.04,14.12
714.13,18.62
714.22,24.15997
714.32,28.64001
714.41,33.32001
714.5,36
714.6,37.44
714.69,39.15997
714.78,38.82001
714.88,38.29999
714.97,37.20001
715.06,32.26001
715.15,27.59998
715.25,21.56
715.34,18.94
715.43,16.34003
715.53,14.78003
715.62,13.46002
715.71,13.44
715.8,13.71997
715.9,11.71997
715.99,12.17999
716.08,12.14001
716.18,11.35999
716.27,11.59998
716.36,11.85999
716.45,11.78003
716.55,11.94
716.64,11.38
716.73,11.96002
716.83,11.15997
716.92,11.73999
717.01,12.29999
717.1,11.35999
717.2,11.14001
717.29,10.85999
717.38,11.26001
717.47,10.71997
717.57,12.08002
717.66,10.91998
717.75,10.84003
717.84,10.53998
717.94,10.84003
718.03,11.32001
718.12,11.21997
718.21,11.44
718.31,12.40002
718.4,11.17999
718.49,11.34003
718.58,11.47998
718.67,12.21997
718.77,11.34003
718.86,11.28003
718.95,11.44
719.04,11.53998
719.14,12.09998
719.23,11.32001
719.32,11.78003
719.41,10.79999
719.5,11.62
719.6,11.34003
719.69,11.84003
719.78,11.21997
719.87,12.20001
719.96,11.44
720.06,10.85999
720.15,12.34003
720.24,12.41998
720.33,11.82001
720.42,12.02002
720.52,11.90002
720.61,12.82001
720.7,12.20001
720.79,12.88
720.88,12.35999
720.97,11
721.07,10.82001
721.16,11.20001
721.25,10.52002
721.34,10.44
721.43,10.08002
721.53,10.94
721.62,10.15997
721.71,10.35999
721.8,11.34003
721.89,13.21997
721.98,14.59998
722.07,15.97998
722.17,17.91998
722.26,17.67999
722.35,18.64001
722.44,19.90002
722.53,19.56
722.62,17.97998
722.72,17.65997
722.81,17.34003
722.9,14.46002
722.99,13.34003
723.08,13.35999
723.17,11.59998
723.26,11.47998
723.35,10.78003
723.45,11.14001
723.54,11.20001
723.63,9.840027
723.72,9.880005
723.81,9.580017
723.9,10.40002
723.99,9.820007
724.08,9.659973
724.18,10.40002
724.27,10.09998
724.36,10.88
724.45,10.21997
724.54,10.40002
724.63,10.84003
724.72,10.79999
724.81,11.34003
724.9,11.40002
724.99,11.40002
725.09,11.40002
725.18,11.32001
725.27,10.90002
725.36,10.62
725.45,10.28003
725.54,9.5
725.63,10.64001
725.72,10.78003
725.81,9.719971
725.9,10.20001
725.99,11
726.08,11.21997
726.17,11.23999
726.27,9.799988
726.36,10.35999
726.45,11.38
726.54,11
726.63,12.96002
726.72,21.09998
726.81,32.56
726.9,45.08002
726.99,52.20001
727.08,58.65997
727.17,63.09998
727.26,64.97998
727.35,66.91998
727.44,66.03998
727.53,64.26001
727.62,58.06
727.71,49.44
727.8,37.44
727.89,27.56
727.98,21.85999
728.07,17.91998
728.16,16.20001
728.26,16.12
728.35,15.29999
728.44,16.17999
728.53,16.67999
728.62,15.84003
728.71,17.02002
728.8,16.70001
728.89,15.58002
728.98,16.26001
729.07,14.73999
729.16,14.62
729.25,12.78003
729.34,17.34003
729.43,27.67999
729.52,38.96002
729.61,46.70001
729.7,54.53998
729.79,58.90002
729.88,61.90002
729.97,61.23999
730.06,62.53998
730.15,61.70001
730.24,58.02002
730.33,52.70001
730.42,44.85999
730.51,36.67999
730.59,30.73999
730.68,29.47998
730.77,27
730.86,25.02002
730.95,24.5
731.04,25
731.13,22.85999
731.22,21.14001
731.31,19.47998
731.4,16.12
731.49,14.56
731.58,13.47998
731.67,13.32001
731.76,12.47998
731.85,11.52002
731.94,11.82001
732.03,13.26001
732.12,13.62
732.21,15.15997
732.3,16.09998
732.39,15.90002
732.47,16.21997
732.56,16.62
732.65,17.02002
732.74,16.5
732.83,16.17999
732.92,16.14001
733.01,14.85999
733.1,13.41998
733.19,12.44
733.28,11.91998
733.37,12.08002
733.46,10.96002
733.55,10.26001
733.63,10.5
733.72,9.47998
733.81,10.91998
733.9,10.97998
733.99,10.35999
734.08,9.799988
734.17,9.900024
734.26,9.900024
734.35,10.79999
734.44,9.640015
734.52,10.41998
734.61,10.73999
734.7,10.94
734.79,11.29999
734.88,11.56
734.97,11.62
735.06,12.71997
735.15,12.23999
735.24,12.14001
735.32,11.94
735.41,12
735.5,11.56
735.59,11.73999
735.68,11.03998
735.77,11.21997
735.86,10.58002
735.94,10.34003
736.03,10.46002
736.12,10.02002
736.21,9.840027
736.3,10.67999
736.39,10.35999
736.48,10.46002
736.56,10.70001
736.65,11.44
736.74,11.14001
736.83,13.08002
736.92,14.29999
737.01,14.71997
737.09,14.40002
737.18,15.52002
737.27,15.34003
737.36,15.17999
737.45,14.76001
737.54,14.52002
737.62,13.85999
737.71,15.32001
737.8,37.58002
737.89,99.67999
737.98,180.86
738.07,244.36
738.15,289.4
738.24,320.28
738.33,340.58
738.42,341.4
738.51,351.9
738.59,343.12
738.68,326.42
738.77,285.6
738.86,218.74
738.95,146.48
739.03,97.82001
739.12,69.64001
739.21,50.34003
739.3,36.32001
739.39,27.23999
739.47,21.40002
739.56,16.41998
739.65,14.12
739.74,12.82001
739.82,12.21997
739.91,11.73999
740,11.20001
740.09,11.52002
740.17,10.79999
740.26,10.20001
740.35,10.73999
740.44,11.26001
740.53,10.78003
740.61,11.12
740.7,10.91998
740.79,10.91998
740.88,11.14001
740.96,11.52002
741.05,11.23999
741.14,11.21997
741.23,12
741.31,11.96002
741.4,11.26001
741.49,11.06
741.58,11.58002
741.66,10.94
741.75,10.59998
741.84,10.97998
741.92,11.21997
742.01,11.78003
742.1,11.90002
742.19,12.97998
742.27,13.26001
742.36,13.14001
742.45,13.79999
742.54,14.20001
742.62,13.59998
742.71,13.32001
742.8,14.59998
742.88,13.38
742.97,13.14001
743.06,13.28003
743.14,12.47998
743.23,12.38
743.32,12.02002
743.41,12.29999
743.49,12.26001
743.58,11.52002
743.67,11.71997
743.75,11.73999
743.84,11.88
743.93,11.38
744.01,11
744.1,10.67999
744.19,10.82001
744.27,10.71997
744.36,10.67999
744.45,11.52002
744.54,11.56
744.62,11.71997
744.71,11.65997
744.8,11.44
744.88,11.5
744.97,11.65997
745.06,11.58002
745.14,11.71997
745.23,11.29999
745.31,11.12
745.4,11.46002
745.49,11.44
745.57,11.23999
745.66,11.20001
745.75,11.23999
745.83,11.29999
745.92,11.59998
746.01,11.40002
746.09,11.38
746.18,11.41998
746.27,11.59998
746.35,11.47998
746.44,11.56
746.52,11.32001
746.61,11.53998
746.7,11.35999
746.78,11.82001
746.87,11.73999
746.96,11.41998
747.04,11.59998
747.13,11.44
747.21,11.96002
747.3,11.73999
747.39,12.14001
747.47,12.23999
747.56,11.94
747.65,11.38
747.73,11.62
747.82,10.85999
747.9,11
747.99,11.65997
748.08,11.64001
748.16,12.35999
748.25,14.34003
748.33,15.58002
748.42,16.65997
748.5,17.76001
748.59,17.78003
748.68,18.71997
748.76,19.28003
748.85,19.47998
748.93,19.64001
749.02,19.41998
749.11,19.40002
749.19,18.32001
749.28,17.52002
749.36,16.5
749.45,16.20001
749.53,16.20001
749.62,15.82001
749.7,16.76001
749.79,30.47998
749.88,75.78003
749.96,140.56
750.05,193.68
750.13,236.74
750.22,267.26
750.3,276.52
750.39,297.76
750.47,304.56
750.56,300.06
750.65,288.96
750.73,258.86
750.82,211.78
750.9,171.84
750.99,178.82
751.07,213.72
751.16,246.74
751.24,273.72
751.33,292.12
751.41,308.12
751.5,311.34
751.58,308.28
751.67,303.74
751.75,298.2
751.84,259.56
751.92,202.66
752.01,134.02
752.09,80.71997
752.18,51.97998
752.26,36.09998
752.35,26.03998
752.43,19.97998
752.52,15.84003
752.6,13.52002
752.69,12.26001
752.77,12.46002
752.86,11.38
752.94,11.32001
753.03,11.26001
753.11,11.23999
753.2,11.08002
753.28,11.28003
753.37,10.96002
753.45,11
753.54,10.97998
753.62,10.47998
753.71,11.02002
753.79,10.26001
753.88,11.08002
753.96,11.79999
754.05,11.29999
754.13,11.26001
754.22,11.46002
754.3,11.20001
754.38,11.46002
754.47,11.23999
754.55,11.34003
754.64,11.09998
754.72,11.08002
754.81,11.03998
754.89,11.28003
754.98,10.64001
755.06,10.79999
755.14,10.94
755.23,10.85999
755.31,11.38
755.4,10.44
755.48,11.08002
755.57,11.41998
755.65,11.53998
755.73,11.52002
755.82,11.82001
755.9,10.97998
755.99,12.65997
756.07,12.08002
756.16,11.85999
756.24,12.29999
756.32,11.90002
756.41,12.12
756.49,11.90002
756.58,12.09998
756.66,11.58002
756.74,13.02002
756.83,12.20001
756.91,12.84003
757,12.28003
757.08,12.62
757.16,12.71997
757.25,12.90002
757.33,12.32001
757.42,13.08002
757.5,13.5
757.58,12.41998
757.67,13
757.75,12.76001
757.84,12.76001
757.92,13.5
758,13.03998
758.09,21
758.17,74.20001
758.25,205.46
758.34,357.7
758.42,478.72
758.51,590.7
758.59,655.22
758.67,696.7
758.76,721.48
758.84,712.72
758.92,696.46
759.01,675.88
759.09,612.62
759.17,518.4
759.26,365.54
759.34,214.74
759.42,128.28
759.51,114.1
759.59,288.84
759.67,700.6
759.76,1144.36
759.84,1492.66
759.92,1779.22
760.01,1963.42
760.09,2105.42
760.17,2141.4
760.26,2158.54
760.34,2117.46
760.42,1998.36
760.51,1806.04
760.59,1543.5
760.67,1085.22
760.76,649.4399
760.84,389.58
760.92,240.12
761.01,150.9
761.09,95.47998
761.17,59.97998
761.26,38.52002
761.34,25.90002
761.42,19
761.5,15.78003
761.59,14.06
761.67,13.26001
761.75,12.84003
761.84,13.23999
761.92,12.82001
762,14.17999
762.09,13.29999
762.17,12.88
762.25,13.26001
762.33,13.23999
762.42,13.34003
762.5,13.71997
762.58,13.85999
762.66,13.41998
762.75,14.40002
762.83,19.62
762.91,68.67999
763,236.36
763.08,464.34
763.16,670.8199
763.24,791.08
763.33,905.88
763.41,985.6801
763.49,1004.28
763.57,1001.82
763.66,1001.74
763.74,966.12
763.82,895.3
763.9,790.46
763.99,621.26
764.07,356.44
764.15,175.62
764.23,99.71997
764.32,61.73999
764.4,38.58002
764.48,26.09998
764.56,20.29999
764.64,16.71997
764.73,15.38
764.81,13.62
764.89,12.65997
764.97,12.38
765.06,12.71997
765.14,13.15997
765.22,12.20001
765.3,12.41998
765.38,12.67999
765.47,12.59998
765.55,13.12
765.63,12.06
765.71,12.44
765.79,11.52002
765.88,11.96002
765.96,12.76001
766.04,12.91998
766.12,13.56
766.2,13.65997
766.29,13.64001
766.37,14.32001
766.45,14.91998
766.53,16.38
766.61,16.44
766.7,15.21997
766.78,15.56
766.86,16.65997
766.94,16.03998
767.02,16.14001
767.1,16.88
767.19,15.40002
767.27,15.17999
767.35,15.58002
767.43,15.91998
767.51,14.84003
767.59,14.62
767.68,14.15997
767.76,13.91998
767.84,15.21997
767.92,25.76001
768,61.17999
768.08,106.18
768.17,144.24
768.25,170.36
768.33,190.24
768.41,200.34
768.49,211.78
768.57,217.52
768.65,212.94
768.74,202.12
768.82,199.54
768.9,210.04
768.98,235.1
769.06,246.98
769.14,255.96
769.22,273.5
769.3,284.3
769.39,289.58
769.47,297.7
769.55,291.1
769.63,278.06
769.71,262
769.79,237.22
769.87,203.54
769.95,149.46
770.03,91.06
770.12,55.09998
770.2,40.03998
770.28,31.09998
770.36,25.71997
770.44,23.96002
770.52,22.26001
770.6,21.65997
770.68,21.47998
770.76,21.71997
770.84,21.03998
770.92,21.71997
771.01,21.47998
771.09,21.35999
771.17,21.40002
771.25,21.59998
771.33,22.73999
771.41,21.78003
771.49,23.06
771.57,22.47998
771.65,21.96002
771.73,27.71997
771.81,58.85999
771.89,129.68
771.97,201.64
772.05,260.46
772.14,302.54
772.22,331.46
772.3,347.96
772.38,364.84
772.46,372.64
772.54,352.64
772.62,330.56
772.7,302.64
772.78,260.4
772.86,191.94
772.94,110
773.02,60.65997
773.1,40.29999
773.18,28.85999
773.26,23.29999
773.34,20.70001
773.42,18.76001
773.5,17.76001
773.58,17.34003
773.66,17.40002
773.74,17.71997
773.82,17.58002
773.9,16.91998
773.98,16.78003
774.06,17.32001
774.14,18.76001
774.22,21.78003
774.3,22.08002
774.38,23.28003
774.46,24.12
774.54,24.91998
774.62,25.76001
774.7,25.12
774.78,25.58002
774.86,25.58002
774.94,24.38
775.02,24.97998
775.1,23.40002
775.18,21.28003
775.26,19.62
775.34,18.52002
775.42,17.96002
775.5,17.56
775.58,17.56
775.66,17.84003
775.74,17.71997
775.82,18.88
775.9,18.41998
775.98,18.20001
776.06,18.71997
776.14,19.52002
776.22,18.41998
776.3,18.29999
776.38,18.08002
776.46,17.56
776.54,18
776.62,17.35999
776.7,17.67999
776.78,18.32001
776.86,18.52002
776.94,18.76001
777.02,18.40002
777.1,19.73999
777.18,19.02002
777.25,20.15997
777.33,20.20001
777.41,18.88
777.49,19.67999
777.57,20.03998
777.65,19.82001
777.73,19.26001
777.81,20
777.89,20.06
777.97,19.21997
778.05,19.52002
778.13,18.67999
778.21,18.06
778.29,18.06
778.36,19.62
778.44,18.56
778.52,19.41998
778.6,18.47998
778.68,18.29999
778.76,18.65997
778.84,18.64001
778.92,18.21997
779,19.46002
779.08,18.46002
779.16,18.71997
779.23,18.41998
779.31,17.53998
779.39,17.76001
779.47,18.53998
779.55,17.67999
779.63,18.56
779.71,17.52002
779.79,17.14001
779.87,17.26001
779.94,18.29999
780.02,17.40002
780.1,17.35999
780.18,17.53998
780.26,17.38
780.34,18.65997
780.42,17.58002
780.49,18.17999
780.57,17.5
780.65,18.84003
780.73,17.78003
780.81,17.85999
780.89,18.52002
780.97,17.64001
781.05,16.64001
781.12,16.88
781.2,17.02002
781.28,16.35999
781.36,16.06
781.44,16.34003
781.52,15.96002
781.59,16.82001
781.67,16.28003
781.75,17.17999
781.83,16.38
781.91,16.71997
781.99,16.14001
782.06,15.38
782.14,15.29999
782.22,15.46002
782.3,15.88
782.38,14.46002
782.46,15.09998
782.53,14.78003
782.61,15.06
782.69,14.41998
782.77,14.82001
782.85,14.65997
782.92,14.35999
783,13.46002
783.08,14.21997
783.16,14.79999
783.24,14.40002
783.31,14.59998
783.39,14.23999
783.47,13.32001
783.55,14.21997
783.63,13.56
783.7,13.20001
783.78,13.17999
783.86,15.12
783.94,14.35999
784.02,14.38
784.09,14.15997
784.17,13.17999
784.25,13.47998
784.33,13.40002
784.4,13.23999
784.48,13.23999
784.56,13.38
784.64,13
784.72,16.96002
784.79,37.76001
784.87,86.38
784.95,140.76
785.03,186.92
785.1,220.6
785.18,246.42
785.26,261.24
785.34,274.94
785.41,278.42
785.49,276.48
785.57,273.34
785.65,260.44
785.72,238.14
785.8,199.06
785.88,145.64
785.96,83.59998
786.03,50.38
786.11,35.64001
786.19,28.62
786.27,24.84003
786.34,21.47998
786.42,18.91998
786.5,17.96002
786.57,16.03998
786.65,15.12
786.73,15.59998
786.81,13.40002
786.88,13.32001
786.96,14.20001
787.04,13.14001
787.11,13.67999
787.19,13.53998
787.27,12.78003
787.35,12.53998
787.42,12.90002
787.5,13.12
787.58,13.73999
787.65,14.26001
787.73,14.5
787.81,14
787.88,14.67999
787.96,13.58002
788.04,13.88
788.12,14.5
788.19,12.96002
788.27,13.34003
788.35,13.03998
788.42,13.08002
788.5,13.70001
788.58,12.79999
788.65,13.09998
788.73,13.64001
788.81,13.56
788.88,14.35999
788.96,13.40002
789.04,13.56
789.11,14.71997
789.19,13.58002
789.27,14.40002
789.34,14.5
789.42,13.73999
789.5,12.82001
789.57,13.41998
789.65,12.70001
789.73,13.59998
789.8,12.79999
789.88,12.97998
789.96,12.65997
790.03,12.78003
790.11,14.32001
790.18,13.90002
790.26,13.79999
790.34,14.52002
790.41,13.35999
790.49,13.32001
790.57,14.26001
790.64,15.82001
790.72,18.38
790.8,19.41998
790.87,20.03998
790.95,20.96002
791.02,21.70001
791.1,22.26001
791.18,23.09998
791.25,21.85999
791.33,22.94
791.4,23.12
791.48,21.59998
791.56,21.64001
791.63,20.64001
791.71,17.97998
791.78,17.40002
791.86,15.29999
791.94,15.35999
792.01,15.08002
792.09,16.28003
792.16,17.44
792.24,18.26001
792.32,19.26001
792.39,18.79999
792.47,19.17999
792.54,19.73999
792.62,20.26001
792.7,20.38
792.77,21.35999
792.85,20.71997
792.92,19.91998
793,19.65997
793.07,19.38
793.15,17.53998
793.23,16.12
793.3,14.97998
793.38,15.34003
793.45,14.59998
793.53,14.70001
793.6,13.47998
793.68,13.40002
793.75,13.62
793.83,14.09998
793.91,14.96002
793.98,26.14001
794.06,52.71997
794.13,88.06
794.21,120.6
794.28,149.98
794.36,175.66
794.43,194.18
794.51,198.42
794.58,212.58
794.66,219.38
794.74,217.56
794.81,211.5
794.89,200.5
794.96,182.68
795.04,150.22
795.11,109.72
795.19,71.34003
795.26,49.14001
795.34,38.62
795.41,30.90002
795.49,25.23999
795.56,22.52002
795.64,20.97998
795.71,18
795.79,18.67999
795.86,17.56
795.94,17.64001
796.01,16.02002
796.09,16.14001
796.16,15.88
796.24,16.59998
796.31,15.52002
796.39,15.52002
796.46,14.82001
796.54,14.91998
796.61,15.67999
796.69,14.78003
796.76,15.28003
796.84,15.84003
796.91,15.14001
796.99,14.59998
797.06,15.52002
797.14,15.90002
797.21,16.14001
797.29,15.94
797.36,15.78003
797.43,15.46002
797.51,17.23999
797.58,15.88
797.66,16.71997
797.73,16.97998
797.81,16.67999
797.88,17.17999
797.96,16.78003
798.03,17.53998
798.11,17.62
798.18,16.56
798.26,16.59998
798.33,16.08002
798.4,16.84003
798.48,16.02002
798.55,16.21997
798.63,15.12
798.7,15.34003
798.78,15.02002
798.85,14.82001
798.92,14.44
799,14.56
799.07,13.78003
